code,name,time,price,volume,preprice,type
600884,杉杉股份,15:00:00,15.32,261100,15.32,买盘
600884,杉杉股份,14:44:53,15.32,98200,15.32,卖盘
600884,杉杉股份,14:39:55,15.32,57700,15.32,卖盘
600884,杉杉股份,14:35:37,15.32,66700,15.32,卖盘
600884,杉杉股份,14:34:46,15.32,151500,15.32,卖盘
600884,杉杉股份,14:34:07,15.32,55600,15.32,卖盘
600884,杉杉股份,14:33:07,15.32,54300,15.32,卖盘
600884,杉杉股份,14:32:13,15.32,212700,15.32,买盘
600884,杉杉股份,14:31:55,15.31,75400,15.31,买盘
600884,杉杉股份,14:31:43,15.31,45800,15.31,买盘
600884,杉杉股份,14:31:16,15.32,63400,15.31,买盘
600884,杉杉股份,14:30:58,15.31,43200,15.3,买盘
600884,杉杉股份,14:30:52,15.31,74600,15.31,买盘
600884,杉杉股份,14:30:46,15.31,33300,15.32,卖盘
600884,杉杉股份,14:28:13,15.32,146600,15.32,买盘
600884,杉杉股份,14:28:01,15.32,76200,15.32,买盘
600884,杉杉股份,14:27:07,15.32,35700,15.32,买盘
600884,杉杉股份,14:27:04,15.32,38800,15.32,卖盘
600884,杉杉股份,14:26:58,15.32,105600,15.32,卖盘
600884,杉杉股份,14:26:22,15.32,42700,15.32,卖盘
600884,杉杉股份,14:23:37,15.32,38200,15.32,卖盘
600884,杉杉股份,14:23:25,15.32,53500,15.32,卖盘
600884,杉杉股份,14:23:13,15.32,37800,15.32,卖盘
600884,杉杉股份,14:22:55,15.32,46700,15.32,卖盘
600884,杉杉股份,14:22:49,15.32,43400,15.32,卖盘
600884,杉杉股份,14:22:43,15.32,57000,15.32,卖盘
600884,杉杉股份,14:21:34,15.32,47600,15.32,卖盘
600884,杉杉股份,14:21:16,15.32,66200,15.32,卖盘
600884,杉杉股份,14:20:55,15.32,57100,15.32,卖盘
600884,杉杉股份,14:20:52,15.32,54300,15.32,卖盘
600884,杉杉股份,14:20:49,15.32,66800,15.32,卖盘
600884,杉杉股份,14:20:40,15.32,194587,15.32,买盘
600884,杉杉股份,14:20:37,15.32,223400,15.32,买盘
600884,杉杉股份,14:20:34,15.32,239399,15.32,买盘
600884,杉杉股份,14:20:31,15.32,536600,15.31,买盘
600884,杉杉股份,14:19:58,15.31,99800,15.3,买盘
600884,杉杉股份,14:19:55,15.3,85200,15.3,买盘
600884,杉杉股份,14:19:52,15.3,78000,15.28,买盘
600884,杉杉股份,14:19:46,15.27,46400,15.26,买盘
600884,杉杉股份,14:16:22,15.29,53200,15.29,卖盘
600884,杉杉股份,14:14:49,15.3,69000,15.3,买盘
600884,杉杉股份,14:13:16,15.29,52100,15.29,卖盘
600884,杉杉股份,14:12:34,15.3,77800,15.3,买盘
600884,杉杉股份,14:12:31,15.3,40500,15.3,买盘
600884,杉杉股份,14:12:28,15.3,38800,15.29,买盘
600884,杉杉股份,14:12:10,15.28,40800,15.28,卖盘
600884,杉杉股份,14:07:04,15.3,71000,15.29,买盘
600884,杉杉股份,14:05:40,15.31,108800,15.31,卖盘
600884,杉杉股份,14:04:46,15.28,112400,15.3,卖盘
600884,杉杉股份,14:04:34,15.26,202100,15.26,卖盘
600884,杉杉股份,14:03:28,15.26,61000,15.24,买盘
600884,杉杉股份,14:01:52,15.27,105100,15.25,买盘
600884,杉杉股份,14:01:34,15.2,35100,15.2,买盘
600884,杉杉股份,14:01:31,15.2,33400,15.19,买盘
600884,杉杉股份,14:01:07,15.2,37100,15.22,卖盘
600884,杉杉股份,14:01:01,15.21,35000,15.22,卖盘
600884,杉杉股份,13:59:28,15.25,53000,15.26,卖盘
600884,杉杉股份,13:58:31,15.26,38300,15.26,卖盘
600884,杉杉股份,13:57:46,15.27,42800,15.27,买盘
600884,杉杉股份,13:57:43,15.27,35100,15.25,买盘
600884,杉杉股份,13:57:40,15.25,54600,15.24,买盘
600884,杉杉股份,13:57:37,15.24,50900,15.22,买盘
600884,杉杉股份,13:57:28,15.23,78800,15.2,买盘
600884,杉杉股份,13:57:25,15.2,54400,15.18,买盘
600884,杉杉股份,13:57:19,15.18,36400,15.18,卖盘
600884,杉杉股份,13:57:13,15.18,49500,15.19,卖盘
600884,杉杉股份,13:56:46,15.2,41800,15.2,卖盘
600884,杉杉股份,13:56:37,15.21,33500,15.22,卖盘
600884,杉杉股份,13:54:49,15.28,39800,15.28,卖盘
600884,杉杉股份,13:54:25,15.28,58000,15.28,卖盘
600884,杉杉股份,13:54:07,15.28,41600,15.29,卖盘
600884,杉杉股份,13:53:19,15.29,44700,15.28,买盘
600884,杉杉股份,13:53:04,15.3,53000,15.29,买盘
600884,杉杉股份,13:52:04,15.31,44500,15.31,买盘
600884,杉杉股份,13:51:10,15.32,297100,15.24,买盘
600884,杉杉股份,13:50:31,15.25,49700,15.28,卖盘
600884,杉杉股份,13:50:19,15.28,46700,15.31,卖盘
600884,杉杉股份,13:50:01,15.32,47480,15.32,买盘
600884,杉杉股份,13:49:58,15.32,113820,15.32,卖盘
600884,杉杉股份,13:49:55,15.32,307000,15.32,卖盘
600884,杉杉股份,13:49:52,15.32,86000,15.32,卖盘
600884,杉杉股份,13:49:49,15.32,343600,15.32,卖盘
600884,杉杉股份,13:49:37,15.32,52700,15.32,卖盘
600884,杉杉股份,13:49:19,15.32,105000,15.32,卖盘
600884,杉杉股份,13:49:16,15.32,62700,15.32,卖盘
600884,杉杉股份,13:49:04,15.32,288200,15.32,卖盘
600884,杉杉股份,13:47:04,15.32,72300,15.32,卖盘
600884,杉杉股份,13:45:28,15.32,35400,15.32,卖盘
600884,杉杉股份,13:45:16,15.32,59800,15.32,卖盘
600884,杉杉股份,13:45:13,15.32,150500,15.32,卖盘
600884,杉杉股份,13:45:10,15.32,55200,15.32,卖盘
600884,杉杉股份,13:45:01,15.32,90600,15.32,卖盘
600884,杉杉股份,13:43:25,15.32,53300,15.32,卖盘
600884,杉杉股份,13:43:01,15.32,44000,15.32,卖盘
600884,杉杉股份,13:42:46,15.32,100300,15.32,卖盘
600884,杉杉股份,13:42:07,15.32,37400,15.32,卖盘
600884,杉杉股份,13:41:28,15.32,44000,15.32,卖盘
600884,杉杉股份,13:40:40,15.32,36600,15.32,卖盘
600884,杉杉股份,13:40:25,15.32,358713,15.32,买盘
600884,杉杉股份,13:40:19,15.32,57700,15.32,买盘
600884,杉杉股份,13:40:16,15.32,248300,15.32,买盘
600884,杉杉股份,13:40:13,15.32,89100,15.32,买盘
600884,杉杉股份,13:40:10,15.32,52100,15.32,买盘
600884,杉杉股份,13:40:07,15.32,233400,15.32,买盘
600884,杉杉股份,13:40:04,15.32,44300,15.31,买盘
600884,杉杉股份,13:40:01,15.31,191200,15.32,卖盘
600884,杉杉股份,13:39:58,15.32,113400,15.31,买盘
600884,杉杉股份,13:39:49,15.3,132700,15.31,中性盘
600884,杉杉股份,13:39:46,15.31,60800,15.28,买盘
600884,杉杉股份,13:39:43,15.28,112000,15.29,卖盘
600884,杉杉股份,13:39:37,15.31,54600,15.27,买盘
600884,杉杉股份,13:39:22,15.22,128800,15.29,卖盘
600884,杉杉股份,13:39:19,15.29,149000,15.23,买盘
600884,杉杉股份,13:39:13,15.21,107000,15.21,卖盘
600884,杉杉股份,13:38:01,15.23,45000,15.21,买盘
600884,杉杉股份,13:37:52,15.21,66300,15.21,卖盘
600884,杉杉股份,13:37:43,15.21,36000,15.22,卖盘
600884,杉杉股份,13:37:22,15.18,41800,15.2,卖盘
600884,杉杉股份,13:37:19,15.2,59300,15.22,卖盘
600884,杉杉股份,13:37:10,15.2,58100,15.2,买盘
600884,杉杉股份,13:37:07,15.2,89900,15.23,卖盘
600884,杉杉股份,13:36:58,15.21,103200,15.23,卖盘
600884,杉杉股份,13:36:49,15.23,55100,15.24,中性盘
600884,杉杉股份,13:36:46,15.24,34300,15.23,买盘
600884,杉杉股份,13:36:31,15.22,67800,15.23,卖盘
600884,杉杉股份,13:36:01,15.25,82200,15.26,卖盘
600884,杉杉股份,13:35:37,15.27,37100,15.27,买盘
600884,杉杉股份,13:35:19,15.27,36200,15.28,卖盘
600884,杉杉股份,13:35:04,15.28,35700,15.26,买盘
600884,杉杉股份,13:34:58,15.26,59640,15.26,买盘
600884,杉杉股份,13:34:55,15.26,33700,15.26,买盘
600884,杉杉股份,13:34:43,15.23,55300,15.23,买盘
600884,杉杉股份,13:34:34,15.22,35500,15.23,卖盘
600884,杉杉股份,13:33:19,15.28,71000,15.28,买盘
600884,杉杉股份,13:33:13,15.28,43000,15.27,买盘
600884,杉杉股份,13:33:10,15.27,33900,15.28,卖盘
600884,杉杉股份,13:31:07,15.22,41900,15.23,卖盘
600884,杉杉股份,13:31:04,15.23,174800,15.23,买盘
600884,杉杉股份,13:30:28,15.3,75257,15.31,卖盘
600884,杉杉股份,13:30:25,15.31,66800,15.31,卖盘
600884,杉杉股份,13:30:22,15.31,75600,15.32,卖盘
600884,杉杉股份,13:30:16,15.31,343500,15.31,卖盘
600884,杉杉股份,13:30:04,15.32,38700,15.32,买盘
600884,杉杉股份,13:29:43,15.31,122900,15.31,卖盘
600884,杉杉股份,13:29:31,15.32,141100,15.31,买盘
600884,杉杉股份,13:29:04,15.32,37800,15.31,买盘
600884,杉杉股份,13:28:52,15.31,110000,15.32,卖盘
600884,杉杉股份,13:28:34,15.32,135200,15.32,卖盘
600884,杉杉股份,13:28:31,15.32,95505,15.32,卖盘
600884,杉杉股份,13:28:28,15.32,106900,15.32,卖盘
600884,杉杉股份,13:28:25,15.32,140820,15.32,卖盘
600884,杉杉股份,13:28:22,15.32,133100,15.32,卖盘
600884,杉杉股份,13:28:19,15.32,57800,15.32,卖盘
600884,杉杉股份,13:28:16,15.32,52700,15.32,卖盘
600884,杉杉股份,13:28:10,15.32,229800,15.32,卖盘
600884,杉杉股份,13:28:07,15.32,57400,15.32,卖盘
600884,杉杉股份,13:28:04,15.32,66800,15.32,卖盘
600884,杉杉股份,13:28:01,15.32,104300,15.32,卖盘
600884,杉杉股份,13:27:58,15.32,101400,15.32,卖盘
600884,杉杉股份,13:27:55,15.32,98900,15.32,卖盘
600884,杉杉股份,13:27:49,15.32,563400,15.32,卖盘
600884,杉杉股份,13:27:34,15.32,69800,15.32,卖盘
600884,杉杉股份,13:27:25,15.32,49800,15.32,卖盘
600884,杉杉股份,13:27:22,15.32,121000,15.32,卖盘
600884,杉杉股份,13:27:13,15.32,51300,15.32,卖盘
600884,杉杉股份,13:27:10,15.32,110600,15.32,卖盘
600884,杉杉股份,13:26:58,15.32,60400,15.32,卖盘
600884,杉杉股份,13:26:55,15.32,119200,15.32,卖盘
600884,杉杉股份,13:26:52,15.32,238600,15.32,卖盘
600884,杉杉股份,13:26:49,15.32,280743,15.32,买盘
600884,杉杉股份,13:26:46,15.32,267900,15.32,买盘
600884,杉杉股份,13:26:43,15.32,60600,15.32,买盘
600884,杉杉股份,13:26:40,15.32,136700,15.32,买盘
600884,杉杉股份,13:26:34,15.32,71400,15.31,买盘
600884,杉杉股份,13:26:31,15.31,140000,15.32,卖盘
600884,杉杉股份,13:26:28,15.32,66300,15.31,买盘
600884,杉杉股份,13:26:25,15.31,126800,15.32,卖盘
600884,杉杉股份,13:26:22,15.32,271400,15.32,买盘
600884,杉杉股份,13:26:19,15.32,345500,15.31,买盘
600884,杉杉股份,13:26:16,15.31,293600,15.32,卖盘
600884,杉杉股份,13:26:13,15.32,112000,15.31,买盘
600884,杉杉股份,13:26:10,15.31,111100,15.32,卖盘
600884,杉杉股份,13:26:07,15.32,54500,15.32,买盘
600884,杉杉股份,13:26:04,15.32,162000,15.31,买盘
600884,杉杉股份,13:26:01,15.31,62100,15.32,卖盘
600884,杉杉股份,13:25:55,15.32,77200,15.31,买盘
600884,杉杉股份,13:25:52,15.31,40600,15.32,卖盘
600884,杉杉股份,13:25:49,15.32,40300,15.32,买盘
600884,杉杉股份,13:25:46,15.32,62100,15.32,买盘
600884,杉杉股份,13:25:40,15.32,205200,15.32,买盘
600884,杉杉股份,13:25:37,15.32,157100,15.32,卖盘
600884,杉杉股份,13:25:34,15.32,185000,15.32,卖盘
600884,杉杉股份,13:25:31,15.32,234000,15.32,卖盘
600884,杉杉股份,13:25:28,15.32,232800,15.32,卖盘
600884,杉杉股份,13:25:25,15.32,72400,15.32,卖盘
600884,杉杉股份,13:25:22,15.32,51700,15.32,卖盘
600884,杉杉股份,13:25:19,15.32,150457,15.32,卖盘
600884,杉杉股份,13:25:16,15.32,1294600,15.32,卖盘
600884,杉杉股份,13:25:13,15.32,269200,15.32,卖盘
600884,杉杉股份,13:25:10,15.32,86300,15.32,卖盘
600884,杉杉股份,13:25:07,15.32,1625561,15.3,买盘
600884,杉杉股份,13:25:04,15.3,1664100,15.29,中性盘
600884,杉杉股份,13:25:01,15.29,776200,15.3,卖盘
600884,杉杉股份,13:24:58,15.3,703300,15.3,买盘
600884,杉杉股份,13:24:55,15.3,70400,15.27,买盘
600884,杉杉股份,13:24:49,15.3,695800,15.25,买盘
600884,杉杉股份,13:24:43,15.25,38300,15.24,买盘
600884,杉杉股份,13:24:40,15.24,41000,15.21,买盘
600884,杉杉股份,13:24:37,15.21,52300,15.2,买盘
600884,杉杉股份,13:24:34,15.2,218790,15.18,买盘
600884,杉杉股份,13:24:28,15.16,64600,15.11,买盘
600884,杉杉股份,13:24:19,15.1,38400,15.11,卖盘
600884,杉杉股份,13:24:16,15.11,38100,15.1,买盘
600884,杉杉股份,13:24:04,15.09,53800,15.09,卖盘
600884,杉杉股份,13:23:52,15.1,72400,15.1,卖盘
600884,杉杉股份,13:23:43,15.08,67400,15.08,卖盘
600884,杉杉股份,13:23:25,15.1,55500,15.1,卖盘
600884,杉杉股份,13:23:16,15.11,50700,15.1,买盘
600884,杉杉股份,13:23:10,15.1,62500,15.14,卖盘
600884,杉杉股份,13:23:07,15.14,90100,15.14,卖盘
600884,杉杉股份,13:23:01,15.14,249000,15.14,买盘
600884,杉杉股份,13:22:58,15.14,65600,15.15,卖盘
600884,杉杉股份,13:22:55,15.15,244700,15.15,买盘
600884,杉杉股份,13:22:43,15.15,55800,15.11,买盘
600884,杉杉股份,13:22:40,15.11,40200,15.09,买盘
600884,杉杉股份,13:22:34,15.1,411800,15.07,买盘
600884,杉杉股份,13:22:31,15.07,78350,15.05,买盘
600884,杉杉股份,13:22:25,15.05,66300,15.05,买盘
600884,杉杉股份,13:22:22,15.05,88500,15.05,买盘
600884,杉杉股份,13:22:19,15.05,128400,15.05,买盘
600884,杉杉股份,13:22:16,15.05,37600,15.03,买盘
600884,杉杉股份,13:22:13,15.03,271900,15.0,买盘
600884,杉杉股份,13:22:10,15.0,1088100,14.96,买盘
600884,杉杉股份,13:22:07,14.96,517800,14.95,买盘
600884,杉杉股份,13:21:52,14.95,61600,14.95,卖盘
600884,杉杉股份,13:21:49,14.95,43900,14.94,买盘
600884,杉杉股份,13:21:25,14.95,51000,14.94,买盘
600884,杉杉股份,13:21:22,14.94,33800,14.95,卖盘
600884,杉杉股份,13:21:01,14.95,46200,14.93,买盘
600884,杉杉股份,13:20:34,14.93,44800,14.93,买盘
600884,杉杉股份,13:20:22,14.93,54200,14.94,卖盘
600884,杉杉股份,13:19:43,14.97,77300,14.93,买盘
600884,杉杉股份,13:19:40,14.93,51800,14.93,买盘
600884,杉杉股份,13:19:37,14.93,44500,14.9,买盘
600884,杉杉股份,13:19:16,14.85,82300,14.85,买盘
600884,杉杉股份,13:18:46,14.85,113430,14.86,卖盘
600884,杉杉股份,13:17:31,14.83,50800,14.84,卖盘
600884,杉杉股份,13:16:10,14.86,50700,14.86,买盘
600884,杉杉股份,13:14:37,14.93,71600,14.92,中性盘
600884,杉杉股份,13:14:16,14.91,35500,14.91,卖盘
600884,杉杉股份,13:14:01,14.9,35500,14.88,买盘
600884,杉杉股份,13:13:37,14.87,44000,14.86,买盘
600884,杉杉股份,13:13:25,14.86,101500,14.86,买盘
600884,杉杉股份,13:13:22,14.86,38900,14.85,买盘
600884,杉杉股份,13:12:10,14.85,146100,14.84,买盘
600884,杉杉股份,13:12:07,14.84,54900,14.82,买盘
600884,杉杉股份,13:11:49,14.8,42800,14.79,买盘
600884,杉杉股份,13:10:19,14.75,58100,14.74,买盘
600884,杉杉股份,13:10:16,14.74,81000,14.78,卖盘
600884,杉杉股份,13:09:25,14.77,36800,14.77,买盘
600884,杉杉股份,13:09:13,14.75,60700,14.75,卖盘
600884,杉杉股份,13:08:52,14.74,39300,14.76,卖盘
600884,杉杉股份,13:08:10,14.74,46100,14.78,卖盘
600884,杉杉股份,13:07:31,14.79,38600,14.81,卖盘
600884,杉杉股份,13:07:28,14.81,35600,14.8,买盘
600884,杉杉股份,13:07:25,14.8,60400,14.8,买盘
600884,杉杉股份,13:07:22,14.8,38900,14.8,买盘
600884,杉杉股份,13:06:46,14.71,120827,14.67,买盘
600884,杉杉股份,13:01:58,14.62,40200,14.6,买盘
600884,杉杉股份,13:00:22,14.65,38600,14.66,卖盘
600884,杉杉股份,13:00:10,14.67,124200,14.66,买盘
600884,杉杉股份,13:00:04,14.66,42900,14.65,买盘
600884,杉杉股份,13:00:01,14.65,106700,14.59,买盘
600884,杉杉股份,11:23:51,14.57,34800,14.58,卖盘
600884,杉杉股份,11:16:06,14.68,84900,14.69,中性盘
600884,杉杉股份,11:16:00,14.69,88000,14.67,买盘
600884,杉杉股份,11:15:27,14.62,52100,14.62,中性盘
600884,杉杉股份,11:11:36,14.6,46300,14.61,卖盘
600884,杉杉股份,11:08:57,14.6,78000,14.6,买盘
600884,杉杉股份,11:08:39,14.6,38600,14.61,卖盘
600884,杉杉股份,11:08:33,14.6,84800,14.6,买盘
600884,杉杉股份,11:08:27,14.59,39200,14.58,买盘
600884,杉杉股份,11:08:24,14.58,64800,14.58,卖盘
600884,杉杉股份,11:08:21,14.58,34600,14.59,卖盘
600884,杉杉股份,11:07:36,14.58,45800,14.58,卖盘
600884,杉杉股份,11:04:54,14.57,44600,14.59,卖盘
600884,杉杉股份,11:03:45,14.59,38900,14.57,买盘
600884,杉杉股份,10:51:00,14.64,51900,14.65,卖盘
600884,杉杉股份,10:49:45,14.61,40600,14.59,买盘
600884,杉杉股份,10:47:00,14.56,344000,14.56,卖盘
600884,杉杉股份,10:44:30,14.49,68500,14.5,卖盘
600884,杉杉股份,10:43:57,14.5,83700,14.52,卖盘
600884,杉杉股份,10:42:30,14.55,46900,14.55,买盘
600884,杉杉股份,10:42:06,14.5,49000,14.5,卖盘
600884,杉杉股份,10:41:48,14.5,79400,14.51,卖盘
600884,杉杉股份,10:41:06,14.5,71300,14.54,卖盘
600884,杉杉股份,10:39:27,14.6,75456,14.56,买盘
600884,杉杉股份,10:39:09,14.56,37500,14.55,买盘
600884,杉杉股份,10:37:18,14.6,44544,14.6,卖盘
600884,杉杉股份,10:36:54,14.62,50700,14.61,买盘
600884,杉杉股份,10:35:27,14.61,37000,14.6,买盘
600884,杉杉股份,10:31:54,14.6,80000,14.61,卖盘
600884,杉杉股份,10:31:51,14.61,87600,14.61,卖盘
600884,杉杉股份,10:31:48,14.61,53600,14.61,买盘
600884,杉杉股份,10:31:42,14.6,55500,14.6,买盘
600884,杉杉股份,10:31:36,14.6,35524,14.59,买盘
600884,杉杉股份,10:31:27,14.59,70200,14.58,买盘
600884,杉杉股份,10:31:09,14.6,69500,14.62,卖盘
600884,杉杉股份,10:30:48,14.61,38000,14.61,卖盘
600884,杉杉股份,10:29:18,14.66,62000,14.64,买盘
600884,杉杉股份,10:25:36,14.65,165100,14.68,卖盘
600884,杉杉股份,10:24:18,14.65,70200,14.65,买盘
600884,杉杉股份,10:24:09,14.65,153800,14.7,卖盘
600884,杉杉股份,10:23:18,14.69,43100,14.76,卖盘
600884,杉杉股份,10:22:45,14.75,455500,14.69,买盘
600884,杉杉股份,10:22:00,14.7,100000,14.66,买盘
600884,杉杉股份,10:20:48,14.67,100000,14.64,买盘
600884,杉杉股份,10:20:06,14.6,36100,14.63,卖盘
600884,杉杉股份,10:19:06,14.59,55500,14.6,卖盘
600884,杉杉股份,10:19:03,14.6,77100,14.62,卖盘
600884,杉杉股份,10:18:48,14.63,41400,14.64,买盘
600884,杉杉股份,10:18:00,14.66,67500,14.67,卖盘
600884,杉杉股份,10:13:06,14.62,37900,14.64,卖盘
600884,杉杉股份,10:12:48,14.62,38200,14.65,卖盘
600884,杉杉股份,10:12:45,14.65,101400,14.65,买盘
600884,杉杉股份,10:12:12,14.69,46500,14.68,买盘
600884,杉杉股份,10:11:24,14.65,37800,14.63,买盘
600884,杉杉股份,10:10:24,14.65,75100,14.69,卖盘
600884,杉杉股份,10:10:12,14.65,62600,14.68,卖盘
600884,杉杉股份,10:10:06,14.65,209000,14.64,买盘
600884,杉杉股份,10:10:00,14.62,34300,14.61,中性盘
600884,杉杉股份,10:09:45,14.6,63500,14.6,卖盘
600884,杉杉股份,10:09:42,14.6,69600,14.6,卖盘
600884,杉杉股份,10:09:30,14.59,72900,14.62,卖盘
600884,杉杉股份,10:09:09,14.65,40100,14.66,卖盘
600884,杉杉股份,10:08:18,14.71,34200,14.71,买盘
600884,杉杉股份,10:08:15,14.71,85800,14.7,买盘
600884,杉杉股份,10:08:12,14.7,45400,14.7,买盘
600884,杉杉股份,10:07:54,14.71,40200,14.66,买盘
600884,杉杉股份,10:07:51,14.66,105200,14.68,卖盘
600884,杉杉股份,10:07:45,14.66,66500,14.66,卖盘
600884,杉杉股份,10:07:42,14.66,36200,14.66,买盘
600884,杉杉股份,10:06:57,14.7,58300,14.73,卖盘
600884,杉杉股份,10:06:51,14.74,101800,14.71,买盘
600884,杉杉股份,10:06:18,14.73,38200,14.74,卖盘
600884,杉杉股份,10:06:06,14.76,35300,14.75,买盘
600884,杉杉股份,10:05:57,14.76,35700,14.76,买盘
600884,杉杉股份,10:05:30,14.77,87639,14.8,卖盘
600884,杉杉股份,10:05:24,14.8,41700,14.78,买盘
600884,杉杉股份,10:05:15,14.79,56000,14.8,卖盘
600884,杉杉股份,10:05:06,14.79,47800,14.8,卖盘
600884,杉杉股份,10:04:57,14.8,36900,14.79,买盘
600884,杉杉股份,10:04:48,14.79,43400,14.79,买盘
600884,杉杉股份,10:04:42,14.8,81500,14.8,买盘
600884,杉杉股份,10:04:39,14.8,42400,14.8,买盘
600884,杉杉股份,10:04:36,14.8,49000,14.8,买盘
600884,杉杉股份,10:04:30,14.8,125900,14.83,卖盘
600884,杉杉股份,10:04:21,14.83,34800,14.84,卖盘
600884,杉杉股份,10:03:48,14.86,36600,14.86,卖盘
600884,杉杉股份,10:03:36,14.87,47200,14.87,买盘
600884,杉杉股份,10:03:18,14.86,37400,14.88,卖盘
600884,杉杉股份,10:02:51,14.88,40700,14.87,买盘
600884,杉杉股份,10:02:15,14.86,34000,14.87,卖盘
600884,杉杉股份,10:01:51,14.89,54300,14.88,买盘
600884,杉杉股份,10:01:45,14.85,36300,14.86,卖盘
600884,杉杉股份,10:01:30,14.91,65700,14.93,卖盘
600884,杉杉股份,10:01:27,14.93,61300,14.94,卖盘
600884,杉杉股份,10:01:09,14.94,53200,14.93,买盘
600884,杉杉股份,10:00:39,14.87,52200,14.86,买盘
600884,杉杉股份,10:00:36,14.86,160700,14.86,买盘
600884,杉杉股份,10:00:33,14.86,238000,14.87,卖盘
600884,杉杉股份,10:00:30,14.87,52600,14.88,中性盘
600884,杉杉股份,10:00:09,14.83,79300,14.82,买盘
600884,杉杉股份,10:00:06,14.82,69100,14.82,买盘
600884,杉杉股份,10:00:03,14.82,45400,14.82,买盘
600884,杉杉股份,10:00:00,14.82,39700,14.82,卖盘
600884,杉杉股份,09:59:57,14.82,42600,14.82,买盘
600884,杉杉股份,09:59:54,14.82,47300,14.82,买盘
600884,杉杉股份,09:59:42,14.83,37100,14.83,卖盘
600884,杉杉股份,09:59:36,14.82,76900,14.82,卖盘
600884,杉杉股份,09:59:33,14.82,74700,14.81,买盘
600884,杉杉股份,09:59:30,14.81,43100,14.82,卖盘
600884,杉杉股份,09:59:24,14.82,49700,14.83,卖盘
600884,杉杉股份,09:59:15,14.83,52500,14.87,卖盘
600884,杉杉股份,09:58:15,14.94,41200,14.94,卖盘
600884,杉杉股份,09:58:12,14.94,36500,14.94,卖盘
600884,杉杉股份,09:58:06,14.95,53600,14.93,买盘
600884,杉杉股份,09:57:57,14.94,40300,14.94,卖盘
600884,杉杉股份,09:57:54,14.94,33500,14.95,卖盘
600884,杉杉股份,09:57:48,14.94,40900,14.96,卖盘
600884,杉杉股份,09:57:42,14.95,41900,14.95,卖盘
600884,杉杉股份,09:57:39,14.95,47000,14.95,买盘
600884,杉杉股份,09:56:48,15.0,60100,15.0,卖盘
600884,杉杉股份,09:56:45,15.0,43900,15.0,卖盘
600884,杉杉股份,09:56:42,15.0,61600,14.99,买盘
600884,杉杉股份,09:56:36,14.99,36000,15.0,卖盘
600884,杉杉股份,09:56:30,14.99,63600,14.99,卖盘
600884,杉杉股份,09:56:24,14.99,41600,14.99,买盘
600884,杉杉股份,09:56:21,14.99,89200,15.0,卖盘
600884,杉杉股份,09:56:12,14.98,124700,14.98,卖盘
600884,杉杉股份,09:56:06,14.99,104900,15.01,卖盘
600884,杉杉股份,09:56:03,15.01,95700,15.03,卖盘
600884,杉杉股份,09:56:00,15.03,118600,15.01,买盘
600884,杉杉股份,09:55:57,15.01,61600,15.02,卖盘
600884,杉杉股份,09:55:54,15.02,75500,15.05,卖盘
600884,杉杉股份,09:55:51,15.05,248300,15.0,买盘
600884,杉杉股份,09:55:48,15.0,101550,15.04,卖盘
600884,杉杉股份,09:55:45,15.04,38650,14.97,买盘
600884,杉杉股份,09:55:42,14.97,66600,15.0,卖盘
600884,杉杉股份,09:55:39,15.0,105700,15.0,卖盘
600884,杉杉股份,09:55:33,15.0,976200,14.9,买盘
600884,杉杉股份,09:55:30,14.9,161800,14.88,买盘
600884,杉杉股份,09:55:27,14.88,58500,14.9,卖盘
600884,杉杉股份,09:55:24,14.9,207500,14.88,买盘
600884,杉杉股份,09:55:21,14.88,41200,14.86,买盘
600884,杉杉股份,09:55:18,14.86,57000,14.86,买盘
600884,杉杉股份,09:55:15,14.86,92900,14.84,买盘
600884,杉杉股份,09:55:12,14.84,60300,14.84,卖盘
600884,杉杉股份,09:55:09,14.84,68800,14.82,买盘
600884,杉杉股份,09:55:06,14.82,41900,14.82,卖盘
600884,杉杉股份,09:55:00,14.82,104600,14.79,买盘
600884,杉杉股份,09:54:57,14.79,86000,14.8,卖盘
600884,杉杉股份,09:54:54,14.8,77700,14.81,卖盘
600884,杉杉股份,09:54:48,14.82,91600,14.8,买盘
600884,杉杉股份,09:54:39,14.81,87400,14.81,卖盘
600884,杉杉股份,09:54:33,14.81,79561,14.76,买盘
600884,杉杉股份,09:54:30,14.76,79900,14.78,卖盘
600884,杉杉股份,09:54:24,14.76,302499,14.78,卖盘
600884,杉杉股份,09:54:18,14.78,45700,14.77,买盘
600884,杉杉股份,09:54:06,14.78,48601,14.77,买盘
600884,杉杉股份,09:53:54,14.76,61400,14.78,卖盘
600884,杉杉股份,09:53:48,14.77,35600,14.76,买盘
600884,杉杉股份,09:53:36,14.77,78300,14.76,买盘
600884,杉杉股份,09:53:33,14.76,53600,14.77,中性盘
600884,杉杉股份,09:53:24,14.77,35400,14.8,卖盘
600884,杉杉股份,09:53:12,14.81,33900,14.84,卖盘
600884,杉杉股份,09:53:09,14.84,43400,14.82,买盘
600884,杉杉股份,09:53:06,14.82,38500,14.82,买盘
600884,杉杉股份,09:53:03,14.82,67500,14.82,买盘
600884,杉杉股份,09:53:00,14.82,37200,14.82,买盘
600884,杉杉股份,09:52:54,14.82,96300,14.83,卖盘
600884,杉杉股份,09:52:42,14.82,34200,14.85,卖盘
600884,杉杉股份,09:52:39,14.85,67000,14.82,买盘
600884,杉杉股份,09:52:36,14.82,54400,14.83,卖盘
600884,杉杉股份,09:52:33,14.83,34000,14.82,买盘
600884,杉杉股份,09:52:27,14.83,45900,14.83,买盘
600884,杉杉股份,09:52:21,14.81,34200,14.83,卖盘
600884,杉杉股份,09:52:15,14.83,132300,14.83,买盘
600884,杉杉股份,09:52:12,14.83,103660,14.83,买盘
600884,杉杉股份,09:52:09,14.83,63700,14.83,买盘
600884,杉杉股份,09:52:06,14.83,62200,14.81,买盘
600884,杉杉股份,09:52:03,14.81,43000,14.82,卖盘
600884,杉杉股份,09:52:00,14.82,58200,14.81,买盘
600884,杉杉股份,09:51:57,14.81,108800,14.81,买盘
600884,杉杉股份,09:51:54,14.81,72200,14.82,卖盘
600884,杉杉股份,09:51:51,14.82,83900,14.82,卖盘
600884,杉杉股份,09:51:48,14.82,141800,14.83,卖盘
600884,杉杉股份,09:51:45,14.83,47200,14.81,中性盘
600884,杉杉股份,09:51:36,14.83,203200,14.78,买盘
600884,杉杉股份,09:51:33,14.78,322400,14.77,中性盘
600884,杉杉股份,09:51:30,14.77,121900,14.76,买盘
600884,杉杉股份,09:51:27,14.76,91600,14.77,卖盘
600884,杉杉股份,09:51:24,14.77,39200,14.74,买盘
600884,杉杉股份,09:51:21,14.74,35400,14.75,卖盘
600884,杉杉股份,09:51:15,14.73,68900,14.7,中性盘
600884,杉杉股份,09:51:12,14.7,233374,14.7,买盘
600884,杉杉股份,09:51:03,14.69,54500,14.66,买盘
600884,杉杉股份,09:50:51,14.65,117100,14.68,中性盘
600884,杉杉股份,09:50:48,14.68,166500,14.68,买盘
600884,杉杉股份,09:50:24,14.72,58600,14.7,买盘
600884,杉杉股份,09:50:21,14.7,40300,14.73,卖盘
600884,杉杉股份,09:50:15,14.73,73100,14.74,卖盘
600884,杉杉股份,09:50:03,14.72,37000,14.71,买盘
600884,杉杉股份,09:49:57,14.7,53600,14.7,买盘
600884,杉杉股份,09:49:54,14.7,72100,14.68,买盘
600884,杉杉股份,09:49:51,14.68,82100,14.69,卖盘
600884,杉杉股份,09:49:42,14.66,71700,14.67,卖盘
600884,杉杉股份,09:49:33,14.66,80800,14.67,卖盘
600884,杉杉股份,09:49:30,14.67,39500,14.64,买盘
600884,杉杉股份,09:49:27,14.64,516600,14.62,买盘
600884,杉杉股份,09:49:24,14.62,64700,14.62,卖盘
600884,杉杉股份,09:49:15,14.65,58100,14.65,买盘
600884,杉杉股份,09:49:09,14.65,49000,14.62,买盘
600884,杉杉股份,09:49:03,14.65,132000,14.63,买盘
600884,杉杉股份,09:49:00,14.63,57200,14.66,卖盘
600884,杉杉股份,09:48:51,14.65,58500,14.65,卖盘
600884,杉杉股份,09:48:48,14.65,73700,14.63,买盘
600884,杉杉股份,09:48:45,14.63,36700,14.63,卖盘
600884,杉杉股份,09:48:42,14.63,52600,14.62,买盘
600884,杉杉股份,09:48:39,14.62,48300,14.65,卖盘
600884,杉杉股份,09:48:36,14.65,46600,14.63,买盘
600884,杉杉股份,09:48:33,14.63,44800,14.62,买盘
600884,杉杉股份,09:48:27,14.63,71900,14.62,买盘
600884,杉杉股份,09:48:18,14.61,66000,14.59,买盘
600884,杉杉股份,09:48:12,14.61,67700,14.6,买盘
600884,杉杉股份,09:48:09,14.6,58200,14.6,卖盘
600884,杉杉股份,09:48:06,14.6,79300,14.63,卖盘
600884,杉杉股份,09:48:03,14.63,76000,14.57,买盘
600884,杉杉股份,09:48:00,14.57,83400,14.6,卖盘
600884,杉杉股份,09:47:57,14.6,57400,14.6,买盘
600884,杉杉股份,09:47:51,14.61,41400,14.6,买盘
600884,杉杉股份,09:47:48,14.6,65800,14.62,卖盘
600884,杉杉股份,09:47:39,14.66,76400,14.66,买盘
600884,杉杉股份,09:47:36,14.66,75700,14.65,买盘
600884,杉杉股份,09:47:33,14.65,85400,14.6,买盘
600884,杉杉股份,09:47:30,14.6,80100,14.6,买盘
600884,杉杉股份,09:47:27,14.6,100900,14.6,买盘
600884,杉杉股份,09:47:24,14.6,223900,14.59,买盘
600884,杉杉股份,09:47:21,14.59,43800,14.58,买盘
600884,杉杉股份,09:47:12,14.56,128100,14.55,买盘
600884,杉杉股份,09:47:09,14.55,91600,14.53,买盘
600884,杉杉股份,09:47:06,14.53,55400,14.53,卖盘
600884,杉杉股份,09:47:03,14.53,59900,14.51,买盘
600884,杉杉股份,09:46:57,14.51,38000,14.51,买盘
600884,杉杉股份,09:46:54,14.51,50000,14.5,买盘
600884,杉杉股份,09:46:51,14.5,134700,14.5,买盘
600884,杉杉股份,09:46:48,14.5,104000,14.5,买盘
600884,杉杉股份,09:46:45,14.5,80000,14.48,买盘
600884,杉杉股份,09:46:42,14.48,109200,14.49,卖盘
600884,杉杉股份,09:46:30,14.49,35400,14.48,买盘
600884,杉杉股份,09:46:24,14.46,36300,14.44,中性盘
600884,杉杉股份,09:46:21,14.44,84699,14.45,卖盘
600884,杉杉股份,09:46:00,14.46,118900,14.45,买盘
600884,杉杉股份,09:45:57,14.45,45800,14.46,卖盘
600884,杉杉股份,09:45:54,14.46,45700,14.47,卖盘
600884,杉杉股份,09:45:45,14.47,62300,14.46,卖盘
600884,杉杉股份,09:45:42,14.46,67900,14.47,卖盘
600884,杉杉股份,09:45:39,14.47,58300,14.47,买盘
600884,杉杉股份,09:44:57,14.49,39600,14.48,买盘
600884,杉杉股份,09:44:36,14.5,107000,14.5,买盘
600884,杉杉股份,09:44:30,14.51,112400,14.5,买盘
600884,杉杉股份,09:44:15,14.51,51600,14.52,卖盘
600884,杉杉股份,09:43:54,14.5,122700,14.54,卖盘
600884,杉杉股份,09:43:33,14.56,74800,14.55,买盘
600884,杉杉股份,09:43:27,14.56,68700,14.54,卖盘
600884,杉杉股份,09:43:24,14.54,77600,14.56,卖盘
600884,杉杉股份,09:43:12,14.56,83500,14.55,买盘
600884,杉杉股份,09:43:09,14.55,71700,14.55,卖盘
600884,杉杉股份,09:43:03,14.57,45000,14.56,买盘
600884,杉杉股份,09:42:54,14.55,51500,14.55,买盘
600884,杉杉股份,09:42:51,14.55,334300,14.54,买盘
600884,杉杉股份,09:42:48,14.54,72700,14.55,中性盘
600884,杉杉股份,09:42:45,14.55,131500,14.54,中性盘
600884,杉杉股份,09:42:42,14.54,36900,14.53,中性盘
600884,杉杉股份,09:42:39,14.53,75100,14.52,卖盘
600884,杉杉股份,09:42:36,14.52,94500,14.52,卖盘
600884,杉杉股份,09:42:33,14.52,68900,14.52,卖盘
600884,杉杉股份,09:42:30,14.52,135612,14.5,买盘
600884,杉杉股份,09:42:27,14.5,206800,14.49,买盘
600884,杉杉股份,09:42:24,14.49,152100,14.46,买盘
600884,杉杉股份,09:42:21,14.46,53800,14.45,买盘
600884,杉杉股份,09:42:18,14.45,74100,14.43,买盘
600884,杉杉股份,09:42:15,14.43,40500,14.43,卖盘
600884,杉杉股份,09:42:12,14.43,108000,14.43,卖盘
600884,杉杉股份,09:42:09,14.43,152000,14.42,买盘
600884,杉杉股份,09:42:06,14.42,49500,14.4,买盘
600884,杉杉股份,09:41:57,14.41,39900,14.42,卖盘
600884,杉杉股份,09:41:51,14.41,36300,14.43,卖盘
600884,杉杉股份,09:41:48,14.43,105400,14.43,买盘
600884,杉杉股份,09:41:45,14.43,47700,14.43,卖盘
600884,杉杉股份,09:41:36,14.42,44300,14.43,卖盘
600884,杉杉股份,09:41:30,14.43,60400,14.42,中性盘
600884,杉杉股份,09:41:27,14.42,74000,14.42,卖盘
600884,杉杉股份,09:41:06,14.44,65300,14.44,卖盘
600884,杉杉股份,09:41:00,14.44,56000,14.45,卖盘
600884,杉杉股份,09:40:45,14.45,36800,14.46,卖盘
600884,杉杉股份,09:40:36,14.46,86500,14.45,买盘
600884,杉杉股份,09:40:33,14.45,48200,14.45,卖盘
600884,杉杉股份,09:40:30,14.45,141000,14.46,卖盘
600884,杉杉股份,09:40:27,14.46,85600,14.48,卖盘
600884,杉杉股份,09:40:24,14.48,42400,14.45,买盘
600884,杉杉股份,09:40:21,14.45,34800,14.47,卖盘
600884,杉杉股份,09:40:15,14.46,70100,14.47,卖盘
600884,杉杉股份,09:40:06,14.46,38600,14.45,买盘
600884,杉杉股份,09:40:03,14.45,65600,14.46,卖盘
600884,杉杉股份,09:40:00,14.46,58800,14.46,卖盘
600884,杉杉股份,09:39:42,14.47,129300,14.47,卖盘
600884,杉杉股份,09:39:36,14.48,49800,14.48,买盘
600884,杉杉股份,09:39:30,14.45,37200,14.49,卖盘
600884,杉杉股份,09:39:27,14.49,63600,14.48,买盘
600884,杉杉股份,09:39:24,14.48,56200,14.49,卖盘
600884,杉杉股份,09:39:21,14.49,43000,14.49,卖盘
600884,杉杉股份,09:39:18,14.49,54900,14.5,卖盘
600884,杉杉股份,09:39:15,14.5,72800,14.5,买盘
600884,杉杉股份,09:39:06,14.5,60700,14.5,买盘
600884,杉杉股份,09:39:03,14.5,70100,14.49,买盘
600884,杉杉股份,09:39:00,14.49,68900,14.5,中性盘
600884,杉杉股份,09:38:57,14.5,42000,14.5,买盘
600884,杉杉股份,09:38:45,14.48,494600,14.42,买盘
600884,杉杉股份,09:38:39,14.44,197000,14.44,卖盘
600884,杉杉股份,09:38:27,14.42,102700,14.39,买盘
600884,杉杉股份,09:38:24,14.39,111800,14.38,买盘
600884,杉杉股份,09:38:21,14.38,71499,14.37,买盘
600884,杉杉股份,09:38:18,14.37,60900,14.38,中性盘
600884,杉杉股份,09:38:09,14.39,35500,14.38,中性盘
600884,杉杉股份,09:37:57,14.41,75300,14.41,卖盘
600884,杉杉股份,09:37:54,14.41,40100,14.42,卖盘
600884,杉杉股份,09:37:45,14.43,114200,14.42,买盘
600884,杉杉股份,09:37:36,14.42,73900,14.42,卖盘
600884,杉杉股份,09:37:33,14.42,45900,14.41,买盘
600884,杉杉股份,09:37:30,14.41,95200,14.41,卖盘
600884,杉杉股份,09:37:27,14.41,43400,14.41,卖盘
600884,杉杉股份,09:37:21,14.41,132700,14.4,买盘
600884,杉杉股份,09:37:18,14.4,58100,14.4,卖盘
600884,杉杉股份,09:37:12,14.39,51300,14.43,卖盘
600884,杉杉股份,09:37:03,14.44,100800,14.38,买盘
600884,杉杉股份,09:37:00,14.38,47700,14.38,卖盘
600884,杉杉股份,09:36:54,14.38,75400,14.37,买盘
600884,杉杉股份,09:36:51,14.37,42700,14.37,买盘
600884,杉杉股份,09:36:45,14.36,82400,14.34,买盘
600884,杉杉股份,09:36:39,14.32,57700,14.31,买盘
600884,杉杉股份,09:36:36,14.31,143200,14.32,卖盘
600884,杉杉股份,09:36:33,14.32,50000,14.31,中性盘
600884,杉杉股份,09:36:21,14.3,286872,14.24,买盘
600884,杉杉股份,09:36:15,14.23,74200,14.24,卖盘
600884,杉杉股份,09:36:12,14.24,37100,14.24,买盘
600884,杉杉股份,09:36:09,14.24,85900,14.25,卖盘
600884,杉杉股份,09:36:06,14.25,84600,14.23,买盘
600884,杉杉股份,09:35:48,14.17,54900,14.18,卖盘
600884,杉杉股份,09:35:45,14.18,93800,14.24,卖盘
600884,杉杉股份,09:35:39,14.22,145900,14.23,中性盘
600884,杉杉股份,09:35:36,14.23,72300,14.24,中性盘
600884,杉杉股份,09:35:33,14.24,37700,14.23,买盘
600884,杉杉股份,09:35:27,14.23,222400,14.22,买盘
600884,杉杉股份,09:35:24,14.22,45800,14.21,买盘
600884,杉杉股份,09:35:15,14.22,84700,14.23,卖盘
600884,杉杉股份,09:35:12,14.23,88500,14.25,卖盘
600884,杉杉股份,09:35:09,14.25,76500,14.25,买盘
600884,杉杉股份,09:35:03,14.24,45800,14.22,买盘
600884,杉杉股份,09:35:00,14.22,81000,14.23,卖盘
600884,杉杉股份,09:34:54,14.24,65700,14.22,买盘
600884,杉杉股份,09:34:48,14.22,101500,14.21,买盘
600884,杉杉股份,09:34:42,14.21,105300,14.18,买盘
600884,杉杉股份,09:34:36,14.18,48000,14.16,买盘
600884,杉杉股份,09:34:33,14.16,45200,14.18,中性盘
600884,杉杉股份,09:34:24,14.15,65000,14.16,卖盘
600884,杉杉股份,09:34:21,14.16,54900,14.12,买盘
600884,杉杉股份,09:34:18,14.12,105100,14.14,卖盘
600884,杉杉股份,09:34:12,14.11,52300,14.15,卖盘
600884,杉杉股份,09:34:09,14.15,97600,14.11,买盘
600884,杉杉股份,09:34:06,14.11,43900,14.1,买盘
600884,杉杉股份,09:33:54,14.07,113500,14.1,卖盘
600884,杉杉股份,09:33:51,14.1,40300,14.08,买盘
600884,杉杉股份,09:33:39,14.08,56800,14.08,买盘
600884,杉杉股份,09:33:33,14.08,44200,14.07,买盘
600884,杉杉股份,09:33:27,14.09,87600,14.07,买盘
600884,杉杉股份,09:33:21,14.07,41300,14.01,买盘
600884,杉杉股份,09:33:15,14.07,125600,14.08,卖盘
600884,杉杉股份,09:32:54,14.11,51000,14.05,买盘
600884,杉杉股份,09:32:48,14.07,59000,14.09,卖盘
600884,杉杉股份,09:32:45,14.09,41000,14.1,卖盘
600884,杉杉股份,09:32:36,14.15,89300,14.07,买盘
600884,杉杉股份,09:32:30,14.1,190700,14.08,买盘
600884,杉杉股份,09:32:27,14.08,42300,14.07,买盘
600884,杉杉股份,09:32:24,14.07,48600,14.07,卖盘
600884,杉杉股份,09:32:18,14.07,55400,14.06,买盘
600884,杉杉股份,09:32:15,14.06,46800,14.05,买盘
600884,杉杉股份,09:31:51,14.05,38200,14.01,买盘
600884,杉杉股份,09:31:30,13.98,111600,13.97,中性盘
600884,杉杉股份,09:31:21,13.96,44900,13.96,卖盘
600884,杉杉股份,09:31:18,13.96,36752,13.95,买盘
600884,杉杉股份,09:30:36,13.9,36600,13.9,卖盘
600884,杉杉股份,09:30:21,13.85,39000,13.81,买盘
600884,杉杉股份,09:30:12,13.84,43200,13.83,买盘
600884,杉杉股份,09:30:03,13.9,187500,13.88,卖盘
600884,杉杉股份,09:25:00,13.84,66400,0.0,买盘
